Match	Starting time	Ending time
person05.	0.0	4.030229508196721
person06	0.0	4.030229508196721
